https://www.youtube.com/embed/4htbRJtqmfA,""
https://www.youtube.com/embed/PRMCLbY0ECU,""
https://www.youtube.com/embed/l1s6ytxzlIk, ""
https://www.youtube.com/embed/zJJPJRlUoxM, ""
https://www.youtube.com/embed/9GHffgFJk_Q, ""
https://www.youtube.com/embed/hffROt2oYvs, ""
https://www.youtube.com/embed/FXUMqUxw_v4, ""
https://www.youtube.com/embed/Yhj_8hyfEMw, ""
https://www.youtube.com/embed/VyPKFFRgSG4, "2016-12-19"
https://www.youtube.com/embed/z5wcOvyxdRw, "2016-11-11"
https://www.youtube.com/embed/MDXpF73No_k, "2016-09-14"
https://www.youtube.com/embed/Cfe0IwTDM2U, "2016-08-01"
